# list_extract function

query I
select list_extract(list_values(8, 9), 1);
----
8

query I
select list_extract(list_values(8, 9), 3);
----
NULL

