# CASE

statement ok
CREATE TEMP TABLE ints (i INT);

statement ok
INSERT INTO ints VALUES (4), (5), (6), (NULL);

# Bool conditions

query I
SELECT CASE WHEN i >= 5 THEN i + 10 END FROM ints;
----
NULL
15
16
NULL

# Short circuit
query I
SELECT CASE WHEN i >= 5 THEN i + 10
            WHEN i >= 6 THEN i + 20
       END FROM ints;
----
NULL
15
16
NULL

query I
SELECT CASE WHEN i = 6 THEN i + 10
            WHEN i >= 5 THEN i + 20
       END FROM ints;
----
