# Interval casts

query T
select '1'::interval;
----
00:00:01

query T
select '1 month'::interval;
----
1 mon

query T
select interval '2 centuries 4 months 8 hours 2 mins 1 second';
----
200 years 4 mons 08:02:01

# TODO: Got invalid type(s) 'Int64,Interval' for '*'
# query T
# select interval 3 years;
# ----
# 3 years

query T
select interval '5 second 289 milliseconds 1 hour';
----
01:00:05.289
