# CREATE TEMP TABLE ... AS ...

statement ok
create temp table t1 as select 1;

query I
select * from t1;
----
1

query TT
describe t1;
----
?column?  Int64

statement ok
create temp table t2 as select 4 as a;

query I
select * from t2;
----
4

query TT
describe t2;
----
a  Int64
